name,MDVP:Fo(Hz),MDVP:Fhi(Hz),MDVP:Flo(Hz),MDVP:Jitter(%),MDVP:Jitter(Abs),MDVP:RAP,MDVP:PPQ,Jitter:DDP,MDVP:Shimmer,MDVP:Shimmer(dB),Shimmer:APQ3,Shimmer:APQ5,MDVP:APQ,Shimmer:DDA,NHR,HNR,RPDE,DFA,spread1,spread2,D2,PPE,status
phon_R01_S01_1,119.992,157.302,74.997,0.00784,0.00007,0.0037,0.00554,0.01109,0.04374,0.426,0.02182,0.0313,0.02971,0.06545,0.02211,21.033,0.414783,0.815285,-4.813031,0.266482,2.301442,0.284654,1
phon_R01_S01_2,122.4,148.65,113.819,0.00968,0.00008,0.00465,0.00696,0.01394,0.06134,0.626,0.02757,0.03858,0.0324,0.0827,0.01929,19.085,0.458359,0.819521,-4.075192,0.33559,2.486855,0.368674,1
phon_R01_S01_3,116.682,131.111,111.555,0.0105,0.00009,0.00544,0.00781,0.01633,0.05233,0.482,0.02147,0.03047,0.02971,0.06441,0.01309,20.651,0.429895,0.825288,-4.443179,0.311173,2.342259,0.332634,1
phon_R01_S01_4,116.676,137.871,111.366,0.00997,0.00009,0.00502,0.00698,0.01505,0.05492,0.503,0.02211,0.03177,0.02994,0.06633,0.01662,21.378,0.434969,0.819235,-4.117501,0.334147,2.405554,0.368975,1
phon_R01_S01_5,116.014,141.781,110.655,0.01284,0.00012,0.00655,0.00908,0.01966,0.06425,0.584,0.02739,0.03868,0.0359,0.08216,0.01967,20.644,0.417356,0.823484,-3.747787,0.371528,2.33218,0.410335,1
phon_R01_S01_6,120.552,131.162,113.787,0.00968,0.00009,0.00463,0.00618,0.01388,0.04701,0.456,0.02054,0.02882,0.02655,0.06162,0.01703,21.378,0.460584,0.82507,-4.089345,0.359867,2.369091,0.357775,1
